<?xml version="1.0" encoding="UTF-8"?>

<Employee_Details>
	<Employees>
		<Empcode>1111 </Empcode>
		<EmpName>
			<FirstName>Seema</FirstName>
			<LastName>Dalvi</LastName>
		</EmpName>
		<DOJ>09/08/97</DOJ>
		<Total_Exp>12</Total_Exp>
		<Department>
			<Unit>3d</Unit>
			<Loc>Mumbai</Loc>
		</Department>
		<Designation>
			<_1> </_1>
			<_2> </_2>
			<_3> </_3>
			<_4>*</_4>
			<_5> </_5>
		</Designation>
		<Salary>21000</Salary>
		<Grade>
			<a> </a>
			<b>*</b>
			<c> </c>
			<d> </d>
		</Grade>
	</Employees>
	
	<Employees>
		<Empcode>222</Empcode>
		<EmpName>
			<FirstName>Bharti</FirstName>
			<LastName>Mantri</LastName>
		</EmpName>
		<DOJ>12/01/99</DOJ>
		<Total_Exp>5</Total_Exp>
		<Department>
			<Unit>4a</Unit>
			<Loc>Pune</Loc>
		</Department>
		<Designation>
			<_1> </_1>
			<_2>*</_2>
			<_3> </_3>
			<_4></_4>
			<_5> </_5>
		</Designation>
		<Salary>12000</Salary>
		<Grade>
			<a> *</a>
			<b></b>
			<c> </c>
			<d> </d>
		</Grade>
	</Employees>
</Employee_Details>