<?xml version="1.0" encoding="UTF-8"?>
<beans xmlns="http://www.springframework.org/schema/beans"
	xmlns:xsi="http://www.w3.org/2001/XMLSchema-instance" 
	xmlns:aop="http://www.springframework.org/schema/aop"
	xsi:schemaLocation="http://www.springframework.org/schema/beans 
	http://www.springframework.org/schema/beans/spring-beans-4.0.xsd">

	<bean id="employeeDetails" class="com.cg.appl.entities.Employee" >
		<property name="employeeId" value="121698" /><!-- telling which setter method to call -->
		<property name="employeeName" value="Dhanashree Jiture" />
		<property name="salary" value="17000" />
		<property name="businessUnit" value="ACES"></property><!-- gives the reference of address bean Association called as DEPENDENCY INJECTION -->
		<property name="age" value="23" />
	</bean>
	

</beans>